SELECT POWER (2, 15) FROM DUAL;

SELECT TO_CHAR(SYSDATE, 'YYYY-MM-DD HH:MI:SS')
FROM DUAL;

SELECT TO_DATE('22-09-21', 'YYYY-MM-DD') FROM DUAL;

SELECT AVG(STU_HEIGHT)
FROM STUDENT;

--WHERE STU_HEIGHT IS NOT NULL;

SELECT MAX(STU_HEIGHT)
FROM STUDENT;

SELECT MIN (STU_HEIGHT)
FROM STUDENT;

SELECT ROUND(AVG(STU_HEIGHT), 2)
FROM STUDENT
WHERE STU_DEPT = '기계';

SELECT STU_DEPT, ROUND(AVG(STU_HEIGHT), 2)
FROM STUDENT
GROUP BY STU_DEPT;

SELECT STU_DEPT, MAX(STU_HEIGHT)
FROM STUDENT
GROUP BY STU_DEPT;

SELECT * FROM STUDENT
WHERE STU_HEIGHT IN (
    SELECT MAX(STU_HEIGHT)
    FROM STUDENT
    GROUP BY STU_DEPT
);

SELECT COUNT(*)
FROM STUDENT
WHERE STU_HEIGHT >= 170;

CREATE TABLE EMP(
  EMPNO NUMBER(4) NOT NULL,
  ENAME VARCHAR2(10),
  JOB VARCHAR2(9),
  MGR NUMBER(4),
  HIREDATE DATE,
  SAL NUMBER(7, 2),
  COMM NUMBER(7, 2),
  DEPTNO NUMBER(2)
);

INSERT INTO EMP VALUES   (7369, 'SMITH',  'CLERK',     7902,    TO_DATE('17-12-1980', 'DD-MM-YYYY'),  800, NULL, 20);
INSERT INTO EMP VALUES   (7499, 'ALLEN',  'SALESMAN',  7698,    TO_DATE('20-02-1981', 'DD-MM-YYYY'), 1600,  300, 30);
INSERT INTO EMP VALUES   (7521, 'WARD',   'SALESMAN',  7698,    TO_DATE('22-02-1981', 'DD-MM-YYYY'), 1250,  500, 30);
INSERT INTO EMP VALUES   (7566, 'JONES',  'MANAGER',   7839,    TO_DATE('02-04-1981', 'DD-MM-YYYY'),  1500, NULL, 20);
INSERT INTO EMP VALUES   (7654, 'MARTIN', 'SALESMAN',  7698,    TO_DATE('28-09-1981', 'DD-MM-YYYY'), 1250, 1400, 30);
INSERT INTO EMP VALUES   (7698, 'BLAKE',  'MANAGER',   7839,    TO_DATE('01-05-1981', 'DD-MM-YYYY'),  2850, NULL, 30);
INSERT INTO EMP VALUES   (7782, 'CLARK',  'MANAGER',   7839,    TO_DATE('09-06-1981', 'DD-MM-YYYY'),  3000, NULL, 10);
INSERT INTO EMP VALUES   (7788, 'SCOTT',  'ANALYST',   7566,    TO_DATE('09-12-1982', 'DD-MM-YYYY'), 3000, NULL, 20);
INSERT INTO EMP VALUES   (7839, 'KING',   'PRESIDENT', NULL,    TO_DATE('17-11-1981', 'DD-MM-YYYY'), 5000, NULL, 10);
INSERT INTO EMP VALUES   (7844, 'TURNER', 'SALESMAN',  7698,    TO_DATE('08-09-1981', 'DD-MM-YYYY'),  1500, NULL, 30);
INSERT INTO EMP VALUES   (7876, 'ADAMS',  'CLERK',     7788,    TO_DATE('12-01-1983', 'DD-MM-YYYY'), 1100, NULL, 20);
INSERT INTO EMP VALUES   (7900, 'JAMES',  'CLERK',     7698,    TO_DATE('03-12-1981', 'DD-MM-YYYY'),   950, NULL, 30);
INSERT INTO EMP VALUES   (7902, 'FORD',   'ANALYST',   7566,    TO_DATE('03-12-1981', 'DD-MM-YYYY'),  3000, NULL, 20);
INSERT INTO EMP VALUES   (7934, 'MILLER', 'CLERK',     7782,    TO_DATE('23-01-1982', 'DD-MM-YYYY'), 1300, NULL, 10);

CREATE TABLE DEPT (
  DEPTNO NUMBER(2),
  DNAME VARCHAR2(14),
  LOC VARCHAR2(13) 
);

INSERT INTO DEPT VALUES (10, 'ACCOUNTING', 'NEW YORK');
INSERT INTO DEPT VALUES (20, 'RESEARCH',   'DALLAS');
INSERT INTO DEPT VALUES (30, 'SALES',      'CHICAGO');
INSERT INTO DEPT VALUES (40, 'OPERATIONS', 'BOSTON');

CREATE TABLE SALGRADE(
  GRADE NUMBER,
  LOSAL NUMBER,
  HISAL NUMBER
);

INSERT INTO SALGRADE VALUES (1,  700, 1200);
INSERT INTO SALGRADE VALUES (2, 1201, 1400);
INSERT INTO SALGRADE VALUES (3, 1401, 2000);
INSERT INTO SALGRADE VALUES (4, 2001, 3000);
INSERT INTO SALGRADE VALUES (5, 3001, 9999);

COMMIT;

SELECT * FROM EMP;
SELECT * FROM SALGRADE;
SELECT * FROM DEPT;

SELECT * FROM EMP
WHERE JOB = 'SALESMAN';

SELECT * FROM EMP
WHERE SAL > 1500;

SELECT SAL FROM EMP;

SELECT ENAME FROM EMP;

SELECT ENAME, JOB FROM EMP;

--1
SELECT LOWER(ENAME) FROM EMP;

--2
SELECT * FROM EMP
WHERE ENAME = 'SMITH';

UPDATE EMP SET ENAME = 'SMITH'
WHERE ENAME = 'JOHN';

SELECT REPLACE (ENAME, 'SMITH', 'JOHN')
FROM EMP
WHERE ENAME = 'SMITH';

--3
SELECT LENGTH(JOB) FROM EMP
WHERE JOB = 'SALESMAN';

SELECT LENGTH(JOB), JOB, ENAME
FROM EMP;

--4
SELECT INITCAP(ENAME) FROM EMP;

--5
SELECT SUBSTR(ENAME, LENGTH(ENAME)-2) FROM EMP;
SELECT SUBSTR(ENAME, -3) FROM EMP;

--6
SELECT * FROM EMP
WHERE JOB = 'MANAGER';

SELECT COUNT(*) FROM EMP
WHERE JOB = 'MANAGER';

--7
SELECT CONCAT(ENAME, JOB) FROM EMP;

SELECT ENAME || '(' || JOB || ')' FROM EMP;

--8
SELECT * FROM EMP
WHERE ENAME LIKE '%A%';



--1
SELECT SAL*1.1
FROM EMP;

SELECT SAL
FROM EMP;

--2
SELECT AVG(SAL)
FROM EMP
WHERE SAL >= 1500;

--3
SELECT DEPTNO,SUM(SAL)
FROM EMP
GROUP BY DEPTNO;

--4
SELECT AVG(SAL)
FROM EMP
WHERE SAL > 1300 AND DEPTNO = 20;

--5
SELECT SAL + NVL(COMM, 0)
FROM EMP;

--6
--7
SELECT *
FROM EMP
ORDER BY SAL DESC;

SELECT * FROM EMP
ORDER BY SAL, ENAME DESC;

--1
SELECT TO_CHAR(HIREDATE, 'YYYY')
FROM EMP;

--2
SELECT ENAME FROM EMP
WHERE HIREDATE > TO_DATE('1981-01-01', 'YYYY-MM-DD');

SELECT * FROM EMP
WHERE HIREDATE > '1981-01-01';

 --3



--4
SELECT ENAME, HIREDATE FROM EMP
WHERE HIREDATE < TO_DATE('1981-05-01', 'YYYY-MM-DD');

SELECT * FROM EMP
WHERE HIREDATE < '1981-05-01';

SELECT COMM, NVL(COMM, 0)
FROM EMP;

SELECT NVL2(COMM, 100, 200)
FROM EMP;

SELECT JOB, DECODE(JOB, 'MANAGER', '매니저', 'SALESMAN', '세일즈', '그외')
FROM EMP;

SELECT 
    CASE 
        WHEN SAL >= 4000 THEN '많이받음'
        WHEN SAL BETWEEN 2000 AND 4000 THEN '적당히받음'
        ELSE '적게받음'
    END 
FROM EMP;

UPDATE STUDENT
SET STU_HEIGHT = NULL
WHERE STU_NO IN('20132003','20153088');

SELECT STU_HEIGHT FROM STUDENT;


SELECT NVL(STU_HEIGHT, 170) AS HEIGHT
FROM STUDENT;

SELECT AVG(NVL(STU_HEIGHT, 170)) AS HEIGHT
FROM STUDENT;

SELECT STU_NAME,
    CASE 
        WHEN STU_HEIGHT < 170 THEN '귀엽다'
        WHEN NVL(STU_HEIGHT, 170) BETWEEN 170 AND 180 THEN '보통'
        WHEN STU_HEIGHT > 180 THEN '크다'
    END
FROM STUDENT;

SELECT NVL(STU_HEIGHT, 170) AS HEIGHT
FROM STUDENT;